Date / Time,Seconds taken,Kbps,Download size (bytes)
2016-03-16 10:15:50.168000,5.922,4040.0,3062059
2016-03-16 10:20:51.153000,5.61,4264.0,3062059
2016-03-16 10:25:52.169000,1.391,17198.0,3062059
2016-03-16 10:30:53.670000,3.516,6804.0,3062059
2016-03-16 10:35:54.155000,4.125,5799.0,3062059
2016-03-16 10:40:55.178000,6.0,3987.0,3062059
2016-03-16 10:45:56.194000,1.875,12759.0,3062059
2016-03-16 10:50:57.148000,1.734,13796.0,3062059
2016-03-16 10:55:58.164000,1.891,12651.0,3062059
2016-03-16 11:00:59.165000,2.031,11779.0,3062059
2016-03-16 11:06:00.181000,2.61,9166.0,3062059
2016-03-16 11:11:01.182000,10.5,2278.0,3062059
2016-03-16 11:16:02.151000,1.391,17198.0,3062059
2016-03-16 11:21:03.199000,1.265,18911.0,3062059
2016-03-16 11:26:04.168000,1.344,17799.0,3062059
2016-03-16 11:31:05.934000,1.25,19138.0,3062059
2016-03-16 11:36:06.169000,1.406,17014.0,3062059
2016-03-16 11:41:07.154000,1.25,19138.0,3062059
2016-03-16 11:46:08.186000,1.281,18675.0,3062059
2016-03-16 11:51:09.155000,1.5,15948.0,3062059
2016-03-16 11:56:10.156000,1.453,16464.0,3062059
2016-03-16 12:01:11.172000,1.703,14047.0,3062059
2016-03-16 12:06:12.173000,1.375,17398.0,3062059
2016-03-16 12:11:13.173000,2.094,11424.0,3062059
2016-03-16 12:16:14.205000,3.234,7397.0,3062059
2016-03-16 12:21:15.174000,2.172,11014.0,3062059
2016-03-16 12:26:16.191000,4.484,5335.0,3062059
2016-03-16 12:31:17.191000,4.078,5866.0,3062059
2016-03-16 12:36:18.176000,1.922,12447.0,3062059
2016-03-16 12:41:19.192000,2.672,8953.0,3062059
2016-03-16 12:46:20.209000,2.89,8278.0,3062059
2016-03-16 12:51:21.178000,2.359,10141.0,3062059
2016-03-16 12:56:22.163000,5.031,4755.0,3062059
2016-03-16 13:01:23.179000,2.953,8101.0,3062059
2016-03-16 13:06:25.117000,3.422,6991.0,3062059
2016-03-16 13:11:25.180000,3.406,7024.0,3062059
2016-03-16 13:16:26.181000,3.125,7655.0,3062059
2016-03-16 13:21:27.322000,2.953,8101.0,3062059
2016-03-16 13:26:28.432000,1.266,18896.0,3062059
2016-03-16 13:31:29.198000,1.969,12149.0,3062059
2016-03-16 13:36:30.168000,9.156,2613.0,3062059
2016-03-16 13:41:31.184000,1.406,17014.0,3062059
2016-03-16 13:46:32.294000,1.265,18911.0,3062059
2016-03-16 13:51:33.185000,1.891,12651.0,3062059
2016-03-16 13:56:34.186000,1.234,19386.0,3062059
2016-03-16 14:01:35.186000,1.422,16823.0,3062059
2016-03-16 14:06:36.187000,1.234,19386.0,3062059
2016-03-16 14:11:37.203000,1.656,14446.0,3062059
2016-03-16 14:16:38.188000,1.281,18675.0,3062059
2016-03-16 14:21:39.173000,1.281,18675.0,3062059
2016-03-16 14:26:40.205000,1.453,16464.0,3062059
2016-03-16 14:31:41.205000,6.11,3915.0,3062059
2016-03-16 14:36:42.175000,2.093,11430.0,3062059
2016-03-16 14:41:43.206000,2.375,10073.0,3062059
2016-03-16 14:46:44.238000,4.141,5777.0,3062059
2016-03-16 14:51:45.208000,7.968,3002.0,3062059
2016-03-16 14:56:46.208000,3.813,6274.0,3062059
2016-03-16 15:01:47.224000,1.563,15305.0,3062059
2016-03-16 15:06:48.444000,2.375,10073.0,3062059
2016-03-16 15:11:49.194000,2.703,8850.0,3062059
2016-03-16 15:16:50.195000,1.469,16285.0,3062059
2016-03-16 15:21:51.242000,2.141,11173.0,3062059
2016-03-16 15:26:52.180000,2.86,8364.0,3062059
2016-03-16 15:31:53.228000,2.422,9877.0,3062059
2016-03-16 15:36:54.229000,1.953,12249.0,3062059
2016-03-16 15:41:55.214000,3.75,6379.0,3062059
2016-03-16 15:46:56.245000,7.625,3137.0,3062059
2016-03-16 15:51:57.183000,2.625,9113.0,3062059
2016-03-16 15:56:58.200000,2.64,9061.0,3062059
2016-03-16 16:01:59.185000,7.453,3210.0,3062059
2016-03-16 16:07:00.185000,15.016,1593.0,3062059
2016-03-16 16:12:01.217000,9.188,2604.0,3062059
2016-03-16 16:17:02.218000,8.422,2840.0,3062059
2016-03-16 16:22:03.203000,8.156,2933.0,3062059
2016-03-16 16:27:04.203000,6.672,3585.0,3062059
2016-03-16 16:32:05.219000,3.735,6405.0,3062059
2016-03-16 16:37:06.189000,17.75,1348.0,3062059
2016-03-16 16:42:07.205000,6.562,3646.0,3062059
2016-03-16 16:47:08.237000,7.687,3112.0,3062059
2016-03-16 16:52:09.206000,20.828,1149.0,3062059
2016-03-16 16:57:10.222000,18.235,1312.0,3062059
2016-03-16 17:02:11.207000,24.828,964.0,3062059
2016-03-16 17:07:12.192000,2.469,9689.0,3062059
2016-03-16 17:12:13.224000,22.672,1055.0,3062059
2016-03-16 17:17:14.225000,23.14,1034.0,3062059
2016-03-16 17:22:15.210000,14.203,1684.0,3062059
2016-03-16 17:27:16.257000,25.281,946.0,3062059
2016-03-16 17:32:17.211000,27.953,856.0,3062059
2016-03-16 17:37:18.211000,48.86,490.0,3062059
2016-03-16 17:42:19.228000,45.453,526.0,3062059
2016-03-16 17:47:20.259000,34.282,698.0,3062059
2016-03-16 17:52:21.198000,40.968,584.0,3062059
2016-03-16 17:57:22.214000,39.922,599.0,3062059
2016-03-16 18:02:23.199000,47.187,507.0,3062059
2016-03-16 18:07:24.844000,34.132,701.0,3062059
2016-03-16 18:08:50.851000,31.563,758.0,3062059
2016-03-16 18:12:25.261000,54.317,440.0,3062059
2016-03-16 18:17:26.660000,42.993,556.0,3062059
2016-03-16 18:22:27.832000,37.582,637.0,3062059
2016-03-16 18:23:05.960000,51.308,466.0,3062059
2016-03-16 18:24:48.735000,41.9,571.0,3062059
2016-03-16 18:27:28.278000,69.873,342.0,3062059
2016-03-16 18:29:14.340000,42.761,559.0,3062059
2016-03-16 18:30:30.669000,33.62,712.0,3062059
2016-03-16 18:31:33.197000,62.874,380.0,3062059
2016-03-16 18:37:30.289000,48.625,492.0,3062059
2016-03-16 18:42:31.518000,8.266,2894.0,3062059
2016-03-16 18:42:58.293000,59.668,401.0,3062059
2016-03-16 18:45:17.812000,23.122,1035.0,3062059
2016-03-16 18:47:32.335000,32.787,730.0,3062059
2016-03-16 18:48:33.773000,60.629,395.0,3062059
2016-03-16 18:51:49.702000,8.71,2747.0,3062059
2016-03-16 18:52:33.344000,42.621,561.0,3062059
2016-03-16 18:53:32.774000,55.733,429.0,3062059
2016-03-16 18:57:34.525000,59.654,401.0,3062059
2016-03-16 19:02:35.334000,45.021,531.0,3062059
2016-03-16 19:07:36.307000,92.948,257.0,3062059
2016-03-16 19:12:37.360000,70.125,341.0,3062059
2016-03-16 19:17:38.399000,47.799,500.0,3062059
2016-03-16 19:22:39.341000,60.133,398.0,3062059
2016-03-16 19:27:40.366000,12.422,1926.0,3062059
2016-03-16 19:32:41.405000,34.804,687.0,3062059
2016-03-16 19:37:42.376000,61.43,389.0,3062059
2016-03-16 19:42:43.407000,67.381,355.0,3062059
2016-03-16 19:47:44.981000,60.208,397.0,3062059
2016-03-16 19:52:45.414000,45.04,531.0,3062059
2016-03-16 19:57:46.963000,85.811,279.0,3062059
2016-03-16 20:02:47.387000,105.634,226.0,3062059
2016-03-16 20:07:48.443000,13.219,1810.0,3062059
2016-03-16 20:12:49.415000,81.218,295.0,3062059
2016-03-16 20:17:50.423000,137.077,175.0,3062059
2016-03-16 20:22:51.450000,121.856,196.0,3062059
2016-03-16 20:27:52.441000,72.534,330.0,3062059
2016-03-16 20:32:53.468000,95.611,250.0,3062059
2016-03-16 20:37:54.499000,71.027,337.0,3062059
2016-03-16 20:42:55.488000,83.38,287.0,3062059
2016-03-16 20:47:56.510000,50.908,470.0,3062059
2016-03-16 20:52:57.503000,74.711,320.0,3062059
2016-03-16 20:57:58.527000,122.895,195.0,3062059
2016-03-16 21:02:59.520000,85.741,279.0,3062059
2016-03-16 21:08:00.560000,75.976,315.0,3062059
2016-03-16 21:13:01.701000,103.395,231.0,3062059
2016-03-16 21:18:02.519000,74.722,320.0,3062059
2016-03-16 21:23:03.558000,48.908,489.0,3062059
2016-03-16 21:28:04.570000,66.147,362.0,3062059
2016-03-16 21:33:05.570000,70.545,339.0,3062059
2016-03-16 21:38:07.136000,82.257,291.0,3062059
2016-03-16 21:43:07.564000,116.296,206.0,3062059
2016-03-16 21:48:08.611000,139.351,172.0,3062059
2016-03-16 21:53:09.554000,118.1,203.0,3062059
2016-03-16 21:58:10.611000,99.27,241.0,3062059
2016-03-16 22:03:11.625000,96.391,248.0,3062059
2016-03-16 22:08:12.601000,76.661,312.0,3062059
2016-03-16 22:13:14.109000,69.84,343.0,3062059
2016-03-16 22:18:14.676000,73.528,325.0,3062059
2016-03-16 22:23:15.627000,74.38,322.0,3062059
2016-03-16 22:28:16.656000,65.898,363.0,3062059
2016-03-16 22:33:17.675000,30.351,788.0,3062059
2016-03-16 22:38:18.656000,57.948,413.0,3062059
2016-03-16 22:43:19.694000,55.585,430.0,3062059
2016-03-16 22:48:20.707000,77.522,309.0,3062059
2016-03-16 22:53:21.680000,18.156,1318.0,3062059
2016-03-16 22:58:22.733000,5.312,4503.0,3062059
2016-03-16 23:03:23.743000,21.954,1090.0,3062059
2016-03-16 23:08:24.718000,3.5,6835.0,3062059
2016-03-16 23:13:25.708000,29.015,824.0,3062059
2016-03-16 23:18:26.760000,36.2,661.0,3062059
2016-03-16 23:23:28.734000,1.5,15948.0,3062059
2016-03-16 23:28:28.739000,37.753,634.0,3062059
2016-03-16 23:33:29.760000,18.555,1289.0,3062059
2016-03-16 23:38:30.750000,15.625,1531.0,3062059
2016-03-16 23:43:31.764000,1.282,18660.0,3062059
2016-03-16 23:48:38.239000,12.063,1983.0,3062059
2016-03-16 23:53:36.127000,1.453,16464.0,3062059
2016-03-16 23:58:37.021000,1.344,17799.0,3062059
2016-03-17 00:03:36.008000,8.652,2765.0,3062059
2016-03-17 00:08:37.006000,2.657,9004.0,3062059
2016-03-17 00:13:42.053000,4.594,5207.0,3062059
2016-03-17 00:18:40.861000,1.297,18444.0,3062059
2016-03-17 00:23:39.820000,1.515,15790.0,3062059
2016-03-17 00:28:40.818000,1.547,15464.0,3062059
2016-03-17 00:33:41.845000,5.328,4490.0,3062059
2016-03-17 00:38:42.869000,4.834,4949.0,3062059
2016-03-17 00:43:43.905000,10.838,2207.0,3062059
2016-03-17 00:48:44.903000,1.641,14578.0,3062059
2016-03-17 00:53:45.876000,1.625,14721.0,3062059
2016-03-17 00:58:46.869000,1.39,17210.0,3062059
2016-03-17 01:03:48.956000,1.489,16066.0,3062059
2016-03-17 01:08:51.342000,2.426,9861.0,3062059
2016-03-17 01:13:51.487000,1.758,13608.0,3062059
2016-03-17 01:18:51.185000,1.383,17297.0,3062059
2016-03-17 01:23:53.032000,1.611,14849.0,3062059
2016-03-17 01:28:55.950000,1.964,12180.0,3062059
2016-03-17 01:33:56.464000,1.492,16034.0,3062059
2016-03-17 01:38:58.970000,1.498,15970.0,3062059
2016-03-17 01:43:58.548000,1.743,13725.0,3062059
2016-03-17 01:48:58.454000,1.428,16752.0,3062059
2016-03-17 01:53:59.822000,1.49,16055.0,3062059
2016-03-17 01:59:01.204000,1.756,13623.0,3062059
2016-03-17 02:04:01.813000,1.52,15738.0,3062059
2016-03-17 02:09:01.233000,1.407,17002.0,3062059
2016-03-17 02:14:03.261000,1.476,16208.0,3062059
2016-03-17 02:19:05.605000,1.793,13342.0,3062059
2016-03-17 02:24:06.477000,1.549,15444.0,3062059
2016-03-17 02:29:06.507000,1.477,16197.0,3062059
2016-03-17 02:34:06.591000,1.403,17051.0,3062059
2016-03-17 02:39:07.140000,1.399,17100.0,3062059
2016-03-17 02:44:09.798000,1.481,16153.0,3062059
2016-03-17 02:49:09.886000,1.51,15843.0,3062059
2016-03-17 02:54:13.046000,1.578,15160.0,3062059
2016-03-17 02:59:10.950000,1.422,16823.0,3062059
2016-03-17 03:04:11.938000,1.375,17398.0,3062059
2016-03-17 03:09:13.729000,1.422,16823.0,3062059
2016-03-17 03:14:15.757000,1.437,16647.0,3062059
2016-03-17 03:19:14.974000,1.375,17398.0,3062059
2016-03-17 03:24:15.974000,1.391,17198.0,3062059
2016-03-17 03:29:16.991000,1.375,17398.0,3062059
2016-03-17 03:34:18.010000,1.546,15474.0,3062059
2016-03-17 03:39:19.001000,1.36,17590.0,3062059
2016-03-17 03:44:20.022000,1.344,17799.0,3062059
2016-03-17 03:49:21.081000,1.375,17398.0,3062059
2016-03-17 03:54:22.045000,1.343,17813.0,3062059
2016-03-17 03:59:23.035000,1.375,17398.0,3062059
2016-03-17 04:04:24.037000,1.406,17014.0,3062059
2016-03-17 04:09:25.053000,1.391,17198.0,3062059
2016-03-17 04:14:26.079000,1.36,17590.0,3062059
2016-03-17 04:19:27.055000,1.343,17813.0,3062059
2016-03-17 04:24:28.040000,1.391,17198.0,3062059
2016-03-17 04:29:29.117000,1.359,17603.0,3062059
2016-03-17 04:34:30.077000,1.406,17014.0,3062059
2016-03-17 04:39:31.106000,1.359,17603.0,3062059
2016-03-17 04:44:34.861000,1.406,17014.0,3062059
2016-03-17 04:49:34.552000,1.484,16120.0,3062059
2016-03-17 04:54:35.150000,1.459,16396.0,3062059
2016-03-17 04:59:35.136000,1.375,17398.0,3062059
2016-03-17 05:04:36.625000,1.421,16835.0,3062059
2016-03-17 05:09:37.136000,1.344,17799.0,3062059
2016-03-17 05:14:38.125000,1.391,17198.0,3062059
2016-03-17 05:19:39.149000,1.406,17014.0,3062059
2016-03-17 05:24:40.685000,1.344,17799.0,3062059
2016-03-17 05:29:41.164000,1.375,17398.0,3062059
2016-03-17 05:34:42.168000,1.375,17398.0,3062059
2016-03-17 05:39:43.198000,1.375,17398.0,3062059
2016-03-17 05:44:44.186000,1.39,17210.0,3062059
2016-03-17 05:49:45.214000,1.5,15948.0,3062059
2016-03-17 05:54:46.201000,1.375,17398.0,3062059
2016-03-17 05:59:47.221000,1.328,18014.0,3062059
2016-03-17 06:04:48.210000,1.36,17590.0,3062059
2016-03-17 06:09:50.417000,1.485,16109.0,3062059
2016-03-17 06:14:50.196000,1.357,17629.0,3062059
2016-03-17 06:19:51.257000,1.344,17799.0,3062059
2016-03-17 06:24:53.116000,1.406,17014.0,3062059
2016-03-17 06:29:53.272000,1.401,17075.0,3062059
2016-03-17 06:34:54.864000,1.281,18675.0,3062059
2016-03-17 06:39:55.261000,1.25,19138.0,3062059
2016-03-17 06:44:56.454000,1.234,19386.0,3062059
2016-03-17 06:49:57.320000,1.219,19625.0,3062059
2016-03-17 06:54:58.296000,1.406,17014.0,3062059
2016-03-17 06:59:59.311000,1.656,14446.0,3062059
2016-03-17 07:05:00.342000,1.437,16647.0,3062059
2016-03-17 07:10:02.345000,1.281,18675.0,3062059
2016-03-17 07:15:02.354000,1.281,18675.0,3062059
2016-03-17 07:20:03.383000,1.421,16835.0,3062059
2016-03-17 07:25:04.364000,11.704,2044.0,3062059
2016-03-17 07:30:05.371000,1.421,16835.0,3062059
2016-03-17 07:35:06.373000,1.39,17210.0,3062059
2016-03-17 07:40:07.412000,1.234,19386.0,3062059
2016-03-17 07:45:08.384000,1.407,17002.0,3062059
2016-03-17 07:50:09.434000,1.297,18444.0,3062059
2016-03-17 07:55:10.393000,1.734,13796.0,3062059
2016-03-17 08:00:11.418000,2.859,8367.0,3062059
2016-03-17 08:05:12.409000,3.219,7432.0,3062059
2016-03-17 08:10:13.409000,2.25,10632.0,3062059
2016-03-17 08:15:14.453000,1.188,20137.0,3062059
2016-03-17 08:20:15.428000,1.869,12800.0,3062059
2016-03-17 08:25:16.453000,1.64,14587.0,3062059
2016-03-17 08:30:17.441000,2.438,9812.0,3062059
2016-03-17 08:35:18.514000,1.875,12759.0,3062059
2016-03-17 08:40:19.483000,1.938,12344.0,3062059
2016-03-17 08:45:20.493000,1.829,13079.0,3062059
2016-03-17 08:50:22.678000,1.328,18014.0,3062059
2016-03-17 08:55:23.466000,1.297,18444.0,3062059
2016-03-17 09:00:23.518000,1.656,14446.0,3062059
2016-03-17 09:05:24.515000,1.562,15315.0,3062059
2016-03-17 09:10:25.544000,1.891,12651.0,3062059
2016-03-17 09:15:26.574000,2.891,8275.0,3062059
2016-03-17 09:20:27.578000,1.469,16285.0,3062059
2016-03-17 09:25:29.793000,1.531,15625.0,3062059
2016-03-17 09:30:29.608000,1.515,15790.0,3062059
2016-03-17 09:35:30.595000,6.359,3762.0,3062059
2016-03-17 09:40:31.595000,1.648,14516.0,3062059
2016-03-17 09:45:32.614000,1.375,17398.0,3062059
2016-03-17 09:50:33.621000,1.547,15464.0,3062059
2016-03-17 09:55:34.635000,1.86,12861.0,3062059
2016-03-17 10:00:35.648000,1.609,14868.0,3062059
2016-03-17 10:05:36.683000,2.0,11961.0,3062059
2016-03-17 10:10:37.626000,1.547,15464.0,3062059
2016-03-17 10:15:38.646000,2.016,11866.0,3062059
2016-03-17 10:20:39.668000,1.656,14446.0,3062059
2016-03-17 10:25:40.657000,1.348,17747.0,3062059
2016-03-17 10:30:41.655000,1.547,15464.0,3062059
2016-03-17 10:35:42.689000,2.001,11955.0,3062059
2016-03-17 10:40:43.681000,1.422,16823.0,3062059
2016-03-17 10:45:44.686000,1.25,19138.0,3062059
2016-03-17 10:50:45.716000,1.422,16823.0,3062059
2016-03-17 10:55:46.724000,2.14,11179.0,3062059
2016-03-17 11:00:47.696000,4.047,5911.0,3062059
2016-03-17 11:05:48.730000,1.985,12052.0,3062059
2016-03-17 11:10:49.735000,1.328,18014.0,3062059
2016-03-17 11:15:50.737000,1.515,15790.0,3062059
2016-03-17 11:20:51.742000,2.329,10272.0,3062059
2016-03-17 11:25:52.721000,1.86,12861.0,3062059
2016-03-17 11:30:53.763000,2.172,11014.0,3062059
2016-03-17 11:35:54.766000,1.328,18014.0,3062059
2016-03-17 11:40:55.738000,2.172,11014.0,3062059
2016-03-17 11:45:56.756000,1.469,16285.0,3062059
2016-03-17 11:50:57.789000,1.547,15464.0,3062059
2016-03-17 11:55:58.756000,1.829,13079.0,3062059
2016-03-17 12:00:59.808000,2.531,9452.0,3062059
2016-03-17 12:06:00.798000,1.719,13916.0,3062059
2016-03-17 12:11:01.801000,1.656,14446.0,3062059
2016-03-17 12:16:02.773000,1.25,19138.0,3062059
2016-03-17 12:21:03.809000,1.406,17014.0,3062059
2016-03-17 12:26:04.791000,1.5,15948.0,3062059
2016-03-17 12:31:05.817000,1.562,15315.0,3062059
2016-03-17 12:36:06.803000,1.906,12551.0,3062059
2016-03-17 12:41:07.817000,1.547,15464.0,3062059
2016-03-17 12:46:08.821000,1.406,17014.0,3062059
2016-03-17 12:51:09.840000,1.812,13202.0,3062059
2016-03-17 12:56:10.859000,2.781,8602.0,3062059
2016-03-17 13:06:12.866000,2.844,8412.0,3062059
2016-03-17 13:11:13.842000,1.484,16120.0,3062059
2016-03-17 13:16:14.864000,1.734,13796.0,3062059
2016-03-17 13:21:15.851000,2.36,10137.0,3062059
2016-03-17 13:26:16.944000,4.281,5588.0,3062059
2016-03-17 13:31:17.897000,2.266,10557.0,3062059
2016-03-17 13:36:18.920000,2.968,8060.0,3062059
2016-03-17 13:41:19.949000,1.89,12657.0,3062059
2016-03-17 13:46:20.928000,3.687,6488.0,3062059
2016-03-17 13:51:21.971000,1.718,13925.0,3062059
2016-03-17 13:56:22.929000,2.843,8414.0,3062059
2016-03-17 14:01:23.998000,1.656,14446.0,3062059
2016-03-17 14:06:24.974000,3.015,7934.0,3062059
2016-03-17 14:11:25.985000,2.605,9183.0,3062059
2016-03-17 14:16:26.983000,2.86,8364.0,3062059
2016-03-17 14:21:28.026000,2.25,10632.0,3062059
2016-03-17 14:26:30.322000,3.687,6488.0,3062059
2016-03-17 14:31:30.045000,1.312,18233.0,3062059
2016-03-17 14:36:31.044000,1.375,17398.0,3062059
2016-03-17 14:41:32.065000,1.343,17813.0,3062059
2016-03-17 14:46:33.059000,1.328,18014.0,3062059
2016-03-17 14:51:34.102000,1.375,17398.0,3062059
2016-03-17 14:56:35.060000,1.875,12759.0,3062059
2016-03-17 15:01:36.087000,1.656,14446.0,3062059
2016-03-17 15:06:37.082000,1.797,13312.0,3062059
2016-03-17 15:11:38.149000,1.312,18233.0,3062059
2016-03-17 15:16:39.103000,1.297,18444.0,3062059
2016-03-17 15:21:40.101000,1.453,16464.0,3062059
2016-03-17 15:26:41.115000,2.859,8367.0,3062059
2016-03-17 15:31:42.153000,1.235,19370.0,3062059
2016-03-17 15:36:43.160000,9.235,2590.0,3062059
2016-03-17 15:41:44.134000,1.516,15780.0,3062059
2016-03-17 15:46:45.167000,2.406,9943.0,3062059
2016-03-17 15:51:46.195000,2.375,10073.0,3062059
2016-03-17 15:56:47.191000,2.218,10786.0,3062059
2016-03-17 16:01:48.168000,5.484,4362.0,3062059
2016-03-17 16:06:49.186000,2.672,8953.0,3062059
2016-03-17 16:11:50.232000,3.781,6327.0,3062059
2016-03-17 16:16:51.219000,2.578,9279.0,3062059
2016-03-17 16:21:52.217000,6.031,3967.0,3062059
2016-03-17 16:26:53.240000,2.688,8900.0,3062059
2016-03-17 16:31:54.232000,5.094,4696.0,3062059
2016-03-17 16:36:55.270000,1.453,16464.0,3062059
2016-03-17 16:41:56.249000,3.688,6487.0,3062059
2016-03-17 16:46:57.246000,15.609,1533.0,3062059
2016-03-17 16:51:58.282000,3.016,7932.0,3062059
2016-03-17 16:56:59.287000,9.063,2640.0,3062059
2016-03-17 17:02:00.298000,3.39,7057.0,3062059
2016-03-17 17:07:01.327000,2.781,8602.0,3062059
2016-03-17 17:12:02.280000,2.25,10632.0,3062059
2016-03-17 17:17:03.338000,1.797,13312.0,3062059
2016-03-17 17:22:04.348000,3.484,6866.0,3062059
2016-03-17 17:27:05.359000,1.594,15008.0,3062059
2016-03-17 17:32:07.634000,1.674,14291.0,3062059
2016-03-17 17:37:07.438000,11.331,2111.0,3062059
2016-03-17 17:42:08.356000,1.297,18444.0,3062059
2016-03-17 17:47:09.381000,9.531,2510.0,3062059
2016-03-17 17:52:11.454000,2.844,8412.0,3062059
2016-03-17 17:57:11.384000,19.866,1204.0,3062059
2016-03-17 18:02:12.399000,6.063,3946.0,3062059
2016-03-17 18:07:13.377000,2.656,9007.0,3062059
2016-03-17 18:12:14.417000,2.453,9752.0,3062059
2016-03-17 18:17:15.432000,10.992,2176.0,3062059
2016-03-17 18:22:16.445000,7.691,3110.0,3062059
2016-03-17 18:27:17.418000,4.093,5845.0,3062059
2016-03-17 18:32:18.428000,12.594,1900.0,3062059
2016-03-17 18:37:19.483000,6.657,3594.0,3062059
2016-03-17 18:42:20.480000,2.609,9169.0,3062059
2016-03-17 18:47:22.602000,3.297,7256.0,3062059
2016-03-17 18:52:22.531000,2.532,9448.0,3062059
2016-03-17 18:57:23.511000,4.031,5935.0,3062059
2016-03-17 19:02:26.270000,1.354,17668.0,3062059
2016-03-17 19:07:25.766000,11.224,2131.0,3062059
2016-03-17 19:12:27.205000,28.767,832.0,3062059
2016-03-17 19:17:28.442000,3.354,7132.0,3062059
2016-03-17 19:22:30.715000,19.415,1232.0,3062059
2016-03-17 19:27:29.829000,1.401,17075.0,3062059
2016-03-17 19:32:30.931000,7.697,3108.0,3062059
2016-03-17 19:37:31.528000,9.068,2638.0,3062059
2016-03-17 19:42:32.519000,1.281,18675.0,3062059
2016-03-17 19:47:33.953000,1.434,16682.0,3062059
2016-03-17 19:52:34.651000,4.381,5460.0,3062059
2016-03-17 19:57:35.673000,1.306,18317.0,3062059
2016-03-17 20:02:36.543000,1.31,18261.0,3062059
2016-03-17 20:07:37.533000,2.402,9959.0,3062059
2016-03-17 20:12:38.565000,14.011,1707.0,3062059
2016-03-17 20:17:39.619000,2.484,9631.0,3062059
2016-03-17 20:22:40.543000,1.295,18473.0,3062059
2016-03-17 20:27:41.536000,31.145,768.0,3062059
2016-03-17 20:32:42.545000,13.657,1752.0,3062059
2016-03-17 20:37:43.544000,1.506,15885.0,3062059
2016-03-17 20:42:44.536000,10.982,2178.0,3062059
2016-03-17 20:47:45.563000,43.183,554.0,3062059
2016-03-17 20:52:47.618000,8.019,2983.0,3062059
2016-03-17 20:57:47.551000,10.908,2193.0,3062059
2016-03-17 21:02:48.570000,2.031,11779.0,3062059
2016-03-17 21:07:49.550000,2.897,8258.0,3062059
2016-03-17 21:12:50.560000,12.293,1946.0,3062059
2016-03-17 21:17:51.561000,1.543,15504.0,3062059
2016-03-17 21:22:52.536000,29.667,806.0,3062059
2016-03-17 21:27:53.547000,1.662,14394.0,3062059
2016-03-17 21:32:54.531000,27.221,879.0,3062059
2016-03-17 21:37:55.550000,30.328,789.0,3062059
2016-03-17 21:42:56.558000,46.616,513.0,3062059
2016-03-17 21:47:57.563000,11.053,2164.0,3062059
2016-03-17 21:52:59.649000,1.322,18096.0,3062059
2016-03-17 21:57:59.579000,15.594,1534.0,3062059
2016-03-17 22:03:01.997000,20.618,1160.0,3062059
2016-03-17 22:08:01.795000,10.333,2315.0,3062059
2016-03-17 22:13:03.375000,9.833,2433.0,3062059
2016-03-17 22:18:05.450000,5.448,4391.0,3062059
2016-03-17 22:23:05.859000,1.757,13615.0,3062059
2016-03-17 22:28:08.523000,17.295,1383.0,3062059
2016-03-17 22:33:07.953000,1.331,17973.0,3062059
2016-03-17 22:38:10.786000,5.681,4211.0,3062059
2016-03-17 22:43:10.081000,5.122,4671.0,3062059
2016-03-17 22:48:12.215000,6.738,3550.0,3062059
2016-03-17 22:53:12.384000,4.105,5828.0,3062059
2016-03-17 22:58:14.610000,2.208,10834.0,3062059
2016-03-17 23:03:14.489000,1.676,14273.0,3062059
2016-03-17 23:08:15.734000,2.799,8547.0,3062059
2016-03-17 23:13:17.839000,1.875,12759.0,3062059
2016-03-17 23:18:20.891000,1.676,14273.0,3062059
2016-03-17 23:23:24.569000,1.477,16197.0,3062059
2016-03-17 23:28:19.591000,1.475,16219.0,3062059
2016-03-17 23:33:18.586000,1.819,13151.0,3062059
2016-03-17 23:38:19.752000,1.512,15822.0,3062059
2016-03-17 23:43:20.713000,4.102,5832.0,3062059
2016-03-17 23:48:21.748000,1.639,14596.0,3062059
2016-03-17 23:53:22.794000,1.326,18041.0,3062059
2016-03-17 23:58:23.815000,1.299,18416.0,3062059
2016-03-18 00:03:24.769000,1.315,18192.0,3062059
2016-03-18 00:08:25.769000,1.375,17398.0,3062059
2016-03-18 00:13:26.770000,2.023,11825.0,3062059
2016-03-18 00:18:27.770000,1.261,18971.0,3062059
2016-03-18 00:23:28.730000,1.251,19123.0,3062059
2016-03-18 00:28:29.784000,1.247,19184.0,3062059
2016-03-18 00:33:30.784000,1.268,18866.0,3062059
2016-03-18 00:38:31.788000,1.269,18851.0,3062059
2016-03-18 00:43:32.821000,1.278,18719.0,3062059
2016-03-18 00:48:33.768000,1.268,18866.0,3062059
2016-03-18 00:53:34.834000,1.279,18704.0,3062059
2016-03-18 00:58:47.065000,1.447,16532.0,3062059
2016-03-18 01:03:36.770000,1.251,19123.0,3062059
2016-03-18 01:08:37.816000,1.814,13188.0,3062059
2016-03-18 01:13:38.624000,1.258,19016.0,3062059
2016-03-18 01:18:39.641000,1.25,19138.0,3062059
2016-03-18 01:23:40.632000,1.266,18896.0,3062059
2016-03-18 01:28:41.623000,1.227,19497.0,3062059
2016-03-18 01:33:42.603000,1.221,19592.0,3062059
2016-03-18 01:38:43.627000,1.231,19433.0,3062059
2016-03-18 01:43:45.797000,1.26,18986.0,3062059
2016-03-18 01:48:45.629000,1.217,19657.0,3062059
2016-03-18 01:53:47.630000,1.268,18866.0,3062059
2016-03-18 01:58:47.654000,1.227,19497.0,3062059
2016-03-18 02:03:50.286000,1.271,18822.0,3062059
2016-03-18 02:08:50.674000,1.251,19123.0,3062059
2016-03-18 02:13:50.613000,1.223,19560.0,3062059
2016-03-18 02:18:52.699000,1.258,19016.0,3062059
2016-03-18 02:23:52.643000,1.223,19560.0,3062059
2016-03-18 02:28:53.659000,1.367,17500.0,3062059
2016-03-18 02:33:54.655000,1.223,19560.0,3062059
2016-03-18 02:38:55.789000,1.27,18836.0,3062059
2016-03-18 02:43:57.477000,1.279,18704.0,3062059
2016-03-18 02:48:57.705000,1.223,19560.0,3062059
2016-03-18 02:53:58.827000,1.364,17538.0,3062059
2016-03-18 02:58:59.862000,1.23,19449.0,3062059
2016-03-18 03:04:02.280000,1.276,18748.0,3062059
2016-03-18 03:09:03.425000,1.318,18150.0,3062059
2016-03-18 03:14:02.635000,1.296,18459.0,3062059
2016-03-18 03:19:03.646000,1.375,17398.0,3062059
2016-03-18 03:24:05.157000,1.222,19576.0,3062059
2016-03-18 03:29:05.632000,1.231,19433.0,3062059
2016-03-18 03:34:06.643000,1.389,17223.0,3062059
2016-03-18 03:39:07.624000,1.255,19062.0,3062059
2016-03-18 03:44:08.782000,1.233,19402.0,3062059
2016-03-18 03:49:09.662000,1.24,19292.0,3062059
2016-03-18 03:54:10.676000,1.341,17839.0,3062059
2016-03-18 03:59:11.631000,1.229,19465.0,3062059
2016-03-18 04:04:12.645000,1.226,19513.0,3062059
2016-03-18 04:09:13.685000,1.224,19544.0,3062059
2016-03-18 04:14:14.633000,1.231,19433.0,3062059
2016-03-18 04:19:15.657000,1.237,19339.0,3062059
2016-03-18 04:24:16.677000,1.24,19292.0,3062059
2016-03-18 04:29:17.646000,1.224,19544.0,3062059
2016-03-18 04:34:18.669000,1.223,19560.0,3062059
2016-03-18 04:39:19.661000,1.223,19560.0,3062059
2016-03-18 04:44:20.653000,1.234,19386.0,3062059
2016-03-18 04:49:21.662000,1.249,19153.0,3062059
2016-03-18 04:54:22.704000,1.227,19497.0,3062059
2016-03-18 04:59:23.635000,1.393,17173.0,3062059
2016-03-18 05:04:26.257000,1.281,18675.0,3062059
2016-03-18 05:09:25.662000,1.227,19497.0,3062059
2016-03-18 05:14:26.672000,1.32,18123.0,3062059
2016-03-18 05:19:32.920000,1.365,17526.0,3062059
2016-03-18 05:24:32.606000,1.466,16318.0,3062059
2016-03-18 05:29:30.120000,1.309,18275.0,3062059
2016-03-18 05:34:32.247000,1.252,19107.0,3062059
2016-03-18 05:39:31.804000,1.222,19576.0,3062059
2016-03-18 05:44:32.700000,1.227,19497.0,3062059
2016-03-18 05:49:33.667000,1.233,19402.0,3062059
2016-03-18 05:54:34.738000,1.233,19402.0,3062059
2016-03-18 05:59:35.706000,1.238,19323.0,3062059
2016-03-18 06:04:36.696000,1.25,19138.0,3062059
2016-03-18 06:09:37.697000,1.226,19513.0,3062059
2016-03-18 06:14:38.680000,1.233,19402.0,3062059
2016-03-18 06:19:39.702000,1.307,18303.0,3062059
2016-03-18 06:24:40.777000,1.243,19246.0,3062059
2016-03-18 06:29:41.709000,1.223,19560.0,3062059
2016-03-18 06:34:42.805000,1.47,16274.0,3062059
2016-03-18 06:39:43.761000,1.241,19277.0,3062059
2016-03-18 06:44:44.823000,1.242,19261.0,3062059
2016-03-18 06:49:45.719000,1.225,19528.0,3062059
2016-03-18 06:54:46.900000,1.234,19386.0,3062059
2016-03-18 06:59:47.736000,1.251,19123.0,3062059
2016-03-18 07:04:48.724000,1.253,19092.0,3062059
2016-03-18 07:09:49.761000,1.243,19246.0,3062059
2016-03-18 07:14:50.735000,1.363,17551.0,3062059
2016-03-18 07:19:52.002000,1.275,18763.0,3062059
2016-03-18 07:24:52.933000,3.086,7752.0,3062059
2016-03-18 07:30:00.998000,1.871,12786.0,3062059
2016-03-18 07:34:55.325000,1.245,19215.0,3062059
2016-03-18 07:39:56.392000,1.656,14446.0,3062059
2016-03-18 07:44:56.753000,1.302,18374.0,3062059
2016-03-18 07:49:57.737000,1.255,19062.0,3062059
2016-03-18 07:54:59.330000,1.556,15374.0,3062059
2016-03-18 07:59:59.716000,1.444,16567.0,3062059
2016-03-18 08:05:13.167000,1.486,16098.0,3062059
2016-03-18 08:10:10.160000,1.924,12434.0,3062059
2016-03-18 08:15:04.025000,1.943,12312.0,3062059
2016-03-18 08:20:04.411000,1.27,18836.0,3062059
2016-03-18 08:25:06.239000,1.689,14164.0,3062059
2016-03-18 08:30:12.523000,1.266,18896.0,3062059
2016-03-18 08:35:09.024000,1.285,18617.0,3062059
2016-03-18 08:40:07.785000,1.4,17087.0,3062059
2016-03-18 08:45:11.027000,1.254,19077.0,3062059
2016-03-18 08:50:20.381000,1.304,18345.0,3062059
2016-03-18 08:55:13.732000,1.307,18303.0,3062059
2016-03-18 09:00:20.666000,1.363,17551.0,3062059
2016-03-18 09:05:15.471000,7.259,3296.0,3062059
2016-03-18 09:10:15.032000,1.322,18096.0,3062059
2016-03-18 09:15:14.766000,2.406,9943.0,3062059
2016-03-18 09:20:15.756000,1.255,19062.0,3062059
2016-03-18 09:25:17.156000,1.244,19230.0,3062059
2016-03-18 09:30:17.763000,1.287,18588.0,3062059
2016-03-18 09:35:18.896000,2.004,11937.0,3062059
2016-03-18 09:40:19.771000,1.769,13523.0,3062059
2016-03-18 09:45:20.986000,1.283,18646.0,3062059
2016-03-18 09:50:21.751000,1.592,15027.0,3062059
2016-03-18 09:55:22.798000,1.701,14064.0,3062059
2016-03-18 10:00:23.749000,1.233,19402.0,3062059
2016-03-18 10:05:24.747000,4.946,4837.0,3062059
2016-03-18 10:10:25.755000,1.479,16175.0,3062059
2016-03-18 10:15:26.772000,1.438,16636.0,3062059
2016-03-18 10:20:27.775000,1.35,17720.0,3062059
2016-03-18 10:25:29.869000,1.262,18956.0,3062059
2016-03-18 10:30:29.788000,1.23,19449.0,3062059
2016-03-18 10:35:30.801000,1.572,15218.0,3062059
2016-03-18 10:40:31.793000,7.457,3208.0,3062059
2016-03-18 10:45:32.811000,3.222,7425.0,3062059
2016-03-18 10:50:33.804000,1.278,18719.0,3062059
2016-03-18 10:55:34.873000,1.268,18866.0,3062059
2016-03-18 11:00:35.816000,1.304,18345.0,3062059
2016-03-18 11:05:36.824000,1.458,16408.0,3062059
2016-03-18 11:10:37.817000,1.396,17136.0,3062059
2016-03-18 11:15:38.818000,1.261,18971.0,3062059
2016-03-18 11:20:39.814000,1.24,19292.0,3062059
2016-03-18 11:25:40.838000,1.258,19016.0,3062059
2016-03-18 11:30:43.850000,1.355,17655.0,3062059
2016-03-18 11:35:42.810000,2.419,9889.0,3062059
2016-03-18 11:40:45.501000,1.272,18807.0,3062059
2016-03-18 11:45:44.789000,1.41,16966.0,3062059
2016-03-18 11:50:45.800000,1.269,18851.0,3062059
2016-03-18 11:55:46.840000,1.555,15384.0,3062059
2016-03-18 12:00:47.787000,1.806,13246.0,3062059
2016-03-18 12:05:48.787000,1.48,16164.0,3062059
2016-03-18 12:10:49.804000,2.556,9359.0,3062059
2016-03-18 12:15:50.808000,1.735,13788.0,3062059
2016-03-18 12:20:51.804000,1.333,17946.0,3062059
2016-03-18 12:25:52.815000,1.539,15544.0,3062059
2016-03-18 12:30:53.821000,1.409,16978.0,3062059
2016-03-18 12:35:54.811000,1.309,18275.0,3062059
2016-03-18 12:40:55.804000,1.413,16930.0,3062059
2016-03-18 12:45:56.811000,1.334,17933.0,3062059
2016-03-18 12:50:57.814000,1.517,15770.0,3062059
2016-03-18 12:55:58.861000,1.258,19016.0,3062059
2016-03-18 13:00:59.829000,1.25,19138.0,3062059
2016-03-18 13:06:00.838000,1.409,16978.0,3062059
2016-03-18 13:11:01.831000,1.307,18303.0,3062059
2016-03-18 13:16:02.830000,1.245,19215.0,3062059
2016-03-18 13:21:03.837000,1.326,18041.0,3062059
2016-03-18 13:26:04.842000,1.47,16274.0,3062059
2016-03-18 13:31:05.836000,1.363,17551.0,3062059
2016-03-18 13:36:06.840000,1.405,17027.0,3062059
2016-03-18 13:41:07.849000,1.341,17839.0,3062059
2016-03-18 13:46:08.848000,1.243,19246.0,3062059
2016-03-18 13:51:09.812000,1.493,16023.0,3062059
2016-03-18 13:56:10.882000,1.248,19169.0,3062059
2016-03-18 14:01:11.840000,1.258,19016.0,3062059
2016-03-18 14:06:12.841000,1.495,16002.0,3062059
2016-03-18 14:11:13.834000,1.279,18704.0,3062059
2016-03-18 14:16:14.821000,1.591,15036.0,3062059
2016-03-18 14:21:15.866000,1.227,19497.0,3062059
2016-03-18 14:26:16.857000,1.359,17603.0,3062059
2016-03-18 14:31:17.847000,1.372,17436.0,3062059
2016-03-18 14:36:18.840000,1.224,19544.0,3062059
2016-03-18 14:41:19.817000,1.23,19449.0,3062059
2016-03-18 14:46:20.849000,1.242,19261.0,3062059
2016-03-18 14:51:21.854000,1.23,19449.0,3062059
2016-03-18 14:56:22.892000,1.239,19308.0,3062059
2016-03-18 15:01:23.858000,1.224,19544.0,3062059
2016-03-18 15:06:24.898000,1.236,19355.0,3062059
2016-03-18 15:11:25.837000,1.229,19465.0,3062059
2016-03-18 15:16:26.868000,1.374,17411.0,3062059
2016-03-18 15:21:27.852000,1.243,19246.0,3062059
2016-03-18 15:26:29.909000,1.256,19046.0,3062059
2016-03-18 15:31:29.852000,1.227,19497.0,3062059
2016-03-18 15:36:30.860000,1.223,19560.0,3062059
2016-03-18 15:41:31.859000,1.221,19592.0,3062059
2016-03-18 15:46:32.981000,1.508,15864.0,3062059
2016-03-18 15:51:33.975000,1.246,19199.0,3062059
2016-03-18 15:56:36.146000,1.272,18807.0,3062059
2016-03-18 16:01:36.568000,1.557,15364.0,3062059
2016-03-18 16:06:36.947000,1.244,19230.0,3062059
2016-03-18 16:11:38.825000,1.25,19138.0,3062059
2016-03-18 16:16:38.881000,1.313,18220.0,3062059
2016-03-18 16:21:39.885000,1.28,18689.0,3062059
2016-03-18 16:26:40.944000,1.25,19138.0,3062059
2016-03-18 16:31:41.911000,1.234,19386.0,3062059
2016-03-18 16:36:42.913000,1.234,19386.0,3062059
2016-03-18 16:41:45.246000,1.245,19215.0,3062059
2016-03-18 16:46:44.999000,1.23,19449.0,3062059
2016-03-18 16:51:46.031000,1.352,17694.0,3062059
2016-03-18 16:56:47.066000,1.391,17198.0,3062059
2016-03-18 17:01:49.402000,1.263,18941.0,3062059
2016-03-18 17:06:49.124000,1.269,18851.0,3062059
2016-03-18 17:11:50.131000,1.236,19355.0,3062059
2016-03-18 17:16:51.160000,1.248,19169.0,3062059
2016-03-18 17:21:52.175000,1.255,19062.0,3062059
2016-03-18 17:26:52.945000,1.234,19386.0,3062059
2016-03-18 17:31:53.948000,1.407,17002.0,3062059
2016-03-18 17:36:54.955000,1.375,17398.0,3062059
2016-03-18 17:41:55.970000,1.219,19625.0,3062059
2016-03-18 17:46:56.959000,1.25,19138.0,3062059
2016-03-18 17:51:57.976000,1.25,19138.0,3062059
2016-03-18 17:56:59.061000,1.266,18896.0,3062059
2016-03-18 18:01:59.985000,1.235,19370.0,3062059
2016-03-18 18:07:01.024000,1.422,16823.0,3062059
2016-03-18 18:12:01.990000,1.422,16823.0,3062059
2016-03-18 18:17:03.022000,1.25,19138.0,3062059
2016-03-18 18:22:04.046000,1.25,19138.0,3062059
2016-03-18 18:27:07.370000,1.891,12651.0,3062059
2016-03-18 18:32:06.060000,1.25,19138.0,3062059
2016-03-18 18:37:07.076000,1.234,19386.0,3062059
2016-03-18 18:42:08.071000,1.235,19370.0,3062059
2016-03-18 18:47:09.100000,1.328,18014.0,3062059
2016-03-18 18:52:10.055000,1.329,18000.0,3062059
2016-03-18 18:57:11.162000,1.219,19625.0,3062059
2016-03-18 19:02:12.074000,2.25,10632.0,3062059
2016-03-18 19:07:13.105000,1.375,17398.0,3062059
2016-03-18 19:12:14.093000,1.39,17210.0,3062059
2016-03-18 19:17:15.122000,1.406,17014.0,3062059
2016-03-18 19:22:16.104000,1.234,19386.0,3062059
2016-03-18 19:27:17.147000,1.25,19138.0,3062059
2016-03-18 19:32:18.158000,1.25,19138.0,3062059
2016-03-18 19:37:19.164000,1.297,18444.0,3062059
2016-03-18 19:42:21.334000,1.265,18911.0,3062059
2016-03-18 19:47:21.190000,1.227,19497.0,3062059
2016-03-18 19:52:22.189000,1.234,19386.0,3062059
2016-03-18 19:57:23.210000,1.232,19417.0,3062059
2016-03-18 20:02:24.207000,1.297,18444.0,3062059
2016-03-18 20:07:27.261000,1.578,15160.0,3062059
2016-03-18 20:12:28.727000,1.574,15198.0,3062059
2016-03-18 20:17:40.614000,2.283,10478.0,3062059
2016-03-18 20:23:18.316000,4.564,5242.0,3062059
2016-03-18 20:27:31.432000,1.41,16966.0,3062059
2016-03-18 20:32:33.282000,1.427,16764.0,3062059
2016-03-18 20:37:37.182000,2.0,11961.0,3062059
2016-03-18 20:42:41.694000,1.647,14525.0,3062059
2016-03-18 20:47:34.902000,1.374,17411.0,3062059
2016-03-18 20:52:36.711000,1.568,15257.0,3062059
2016-03-18 20:57:37.243000,1.49,16055.0,3062059
2016-03-18 21:02:41.801000,2.002,11949.0,3062059
2016-03-18 21:07:41.991000,1.598,14970.0,3062059
2016-03-18 21:12:39.880000,1.631,14667.0,3062059
2016-03-18 21:17:44.176000,1.53,15636.0,3062059
2016-03-18 21:22:40.798000,1.236,19355.0,3062059
2016-03-18 21:27:44.008000,1.502,15927.0,3062059
2016-03-18 21:32:42.424000,1.25,19138.0,3062059
2016-03-18 21:37:45.043000,1.364,17538.0,3062059
2016-03-18 21:42:46.102000,1.403,17051.0,3062059
2016-03-18 21:47:46.739000,1.403,17051.0,3062059
2016-03-18 21:52:48.218000,1.333,17946.0,3062059
2016-03-18 21:57:49.235000,1.363,17551.0,3062059
2016-03-18 22:02:49.924000,1.452,16475.0,3062059
2016-03-18 22:07:50.683000,1.365,17526.0,3062059
2016-03-18 22:12:52.193000,1.396,17136.0,3062059
2016-03-18 22:17:52.926000,1.359,17603.0,3062059
2016-03-18 22:22:53.913000,1.548,15454.0,3062059
2016-03-18 22:27:55.198000,1.373,17423.0,3062059
2016-03-18 22:32:54.455000,1.234,19386.0,3062059
2016-03-18 22:37:55.486000,1.234,19386.0,3062059
2016-03-18 22:42:56.654000,1.266,18896.0,3062059
2016-03-18 22:47:57.687000,1.316,18178.0,3062059
2016-03-18 22:52:58.688000,1.475,16219.0,3062059
2016-03-18 22:57:59.722000,1.274,18777.0,3062059
2016-03-18 23:03:00.739000,1.24,19292.0,3062059
2016-03-18 23:08:01.843000,1.537,15564.0,3062059
2016-03-18 23:13:02.660000,1.247,19184.0,3062059
2016-03-18 23:18:05.799000,1.295,18473.0,3062059
2016-03-18 23:23:04.668000,1.26,18986.0,3062059
2016-03-18 23:28:05.760000,1.283,18646.0,3062059
2016-03-18 23:33:06.752000,1.269,18851.0,3062059
2016-03-18 23:38:07.797000,1.241,19277.0,3062059
2016-03-18 23:43:08.786000,1.92,12460.0,3062059
2016-03-18 23:48:09.756000,1.244,19230.0,3062059
2016-03-18 23:53:10.804000,1.252,19107.0,3062059
2016-03-18 23:58:11.766000,1.242,19261.0,3062059
2016-03-19 00:03:12.525000,1.219,19625.0,3062059
2016-03-19 00:08:13.505000,1.25,19138.0,3062059
2016-03-19 00:13:14.510000,1.229,19465.0,3062059
2016-03-19 00:18:15.525000,1.25,19138.0,3062059
2016-03-19 00:23:16.514000,1.234,19386.0,3062059
2016-03-19 00:28:17.541000,1.469,16285.0,3062059
2016-03-19 00:33:18.555000,1.21,19771.0,3062059
2016-03-19 00:38:19.557000,1.235,19370.0,3062059
2016-03-19 00:43:20.551000,1.235,19370.0,3062059
2016-03-19 00:48:21.580000,1.219,19625.0,3062059
2016-03-19 00:53:22.581000,1.235,19370.0,3062059
2016-03-19 00:58:23.552000,1.266,18896.0,3062059
2016-03-19 01:03:24.568000,1.25,19138.0,3062059
2016-03-19 01:08:25.602000,1.266,18896.0,3062059
2016-03-19 01:13:26.583000,1.234,19386.0,3062059
2016-03-19 01:18:27.596000,1.25,19138.0,3062059
2016-03-19 01:23:29.664000,1.25,19138.0,3062059
2016-03-19 01:28:29.639000,1.234,19386.0,3062059
2016-03-19 01:33:30.635000,1.219,19625.0,3062059
2016-03-19 01:38:31.627000,1.235,19370.0,3062059
2016-03-19 01:43:32.628000,1.219,19625.0,3062059
2016-03-19 01:48:33.654000,1.343,17813.0,3062059
2016-03-19 01:53:34.672000,1.234,19386.0,3062059
2016-03-19 01:58:35.679000,1.219,19625.0,3062059
2016-03-19 02:03:37.658000,1.251,19123.0,3062059
2016-03-19 02:08:38.042000,1.234,19386.0,3062059
2016-03-19 02:13:39.557000,1.407,17002.0,3062059
2016-03-19 02:18:39.845000,1.219,19625.0,3062059
2016-03-19 02:23:41.176000,1.25,19138.0,3062059
2016-03-19 02:28:42.097000,1.375,17398.0,3062059
2016-03-19 02:33:43.011000,1.218,19641.0,3062059
2016-03-19 02:38:43.691000,1.22,19608.0,3062059
2016-03-19 02:43:44.729000,1.234,19386.0,3062059
2016-03-19 02:48:45.871000,1.235,19370.0,3062059
2016-03-19 02:53:46.722000,1.235,19370.0,3062059
2016-03-19 02:58:47.740000,1.218,19641.0,3062059
2016-03-19 03:03:49.802000,1.266,18896.0,3062059
2016-03-19 03:08:49.757000,1.219,19625.0,3062059
2016-03-19 03:13:50.746000,1.531,15625.0,3062059
2016-03-19 03:18:51.776000,1.391,17198.0,3062059
2016-03-19 03:23:52.790000,1.375,17398.0,3062059
2016-03-19 03:28:53.795000,1.406,17014.0,3062059
2016-03-19 03:33:54.779000,1.562,15315.0,3062059
2016-03-19 03:38:55.801000,1.407,17002.0,3062059
2016-03-19 03:43:56.845000,1.391,17198.0,3062059
2016-03-19 03:48:57.800000,1.375,17398.0,3062059
2016-03-19 03:53:58.786000,1.407,17002.0,3062059
2016-03-19 03:58:59.884000,1.391,17198.0,3062059
2016-03-19 04:04:00.820000,1.375,17398.0,3062059
2016-03-19 04:09:01.864000,1.391,17198.0,3062059
2016-03-19 04:14:02.842000,1.422,16823.0,3062059
2016-03-19 04:19:04.910000,1.547,15464.0,3062059
2016-03-19 04:24:04.865000,1.344,17799.0,3062059
2016-03-19 04:29:06.087000,1.391,17198.0,3062059
2016-03-19 04:34:07.890000,1.422,16823.0,3062059
2016-03-19 04:39:07.957000,1.36,17590.0,3062059
2016-03-19 04:44:08.848000,1.391,17198.0,3062059
2016-03-19 04:49:17.666000,2.328,10276.0,3062059
2016-03-19 04:54:10.905000,1.39,17210.0,3062059
2016-03-19 04:59:11.919000,1.391,17198.0,3062059
2016-03-19 05:04:12.912000,1.39,17210.0,3062059
2016-03-19 05:09:13.912000,1.407,17002.0,3062059
2016-03-19 05:14:14.882000,1.392,17186.0,3062059
2016-03-19 05:19:15.905000,1.39,17210.0,3062059
2016-03-19 05:24:16.924000,1.406,17014.0,3062059
2016-03-19 05:29:17.916000,1.391,17198.0,3062059
2016-03-19 05:34:18.931000,1.36,17590.0,3062059
2016-03-19 05:39:19.946000,1.406,17014.0,3062059
2016-03-19 05:44:20.943000,1.407,17002.0,3062059
2016-03-19 05:49:21.996000,1.406,17014.0,3062059
2016-03-19 05:54:22.977000,1.406,17014.0,3062059
2016-03-19 05:59:23.999000,1.531,15625.0,3062059
2016-03-19 06:04:25.018000,1.469,16285.0,3062059
2016-03-19 06:09:26.022000,1.375,17398.0,3062059
2016-03-19 06:14:26.977000,1.407,17002.0,3062059
2016-03-19 06:19:27.999000,1.313,18220.0,3062059
2016-03-19 06:24:29.987000,1.531,15625.0,3062059
2016-03-19 06:29:30.007000,1.375,17398.0,3062059
2016-03-19 06:34:31.025000,1.406,17014.0,3062059
2016-03-19 06:39:31.998000,1.36,17590.0,3062059
2016-03-19 06:44:33.026000,1.406,17014.0,3062059
2016-03-19 06:49:34.051000,1.36,17590.0,3062059
2016-03-19 06:54:35.038000,1.406,17014.0,3062059
2016-03-19 06:59:36.057000,1.233,19402.0,3062059
2016-03-19 07:04:37.033000,1.234,19386.0,3062059
2016-03-19 07:09:38.116000,1.266,18896.0,3062059
2016-03-19 07:14:39.039000,1.234,19386.0,3062059
2016-03-19 07:19:40.040000,1.228,19481.0,3062059
2016-03-19 07:24:41.082000,1.25,19138.0,3062059
2016-03-19 07:29:42.082000,1.312,18233.0,3062059
2016-03-19 07:34:43.099000,1.234,19386.0,3062059
2016-03-19 07:39:44.095000,1.234,19386.0,3062059
2016-03-19 07:44:45.169000,1.234,19386.0,3062059
2016-03-19 07:49:46.147000,1.218,19641.0,3062059
2016-03-19 07:54:47.144000,1.234,19386.0,3062059
2016-03-19 07:59:48.126000,1.234,19386.0,3062059
2016-03-19 08:04:49.160000,1.25,19138.0,3062059
2016-03-19 08:09:50.173000,1.219,19625.0,3062059
2016-03-19 08:14:51.178000,1.266,18896.0,3062059
2016-03-19 08:19:52.172000,1.266,18896.0,3062059
2016-03-19 08:24:53.193000,1.234,19386.0,3062059
2016-03-19 08:29:54.180000,1.235,19370.0,3062059
2016-03-19 08:34:55.200000,1.234,19386.0,3062059
2016-03-19 08:39:56.199000,1.235,19370.0,3062059
2016-03-19 08:44:57.217000,1.219,19625.0,3062059
2016-03-19 08:49:58.211000,1.235,19370.0,3062059
2016-03-19 08:54:59.238000,1.234,19386.0,3062059
2016-03-19 09:00:00.348000,1.218,19641.0,3062059
2016-03-19 09:05:01.248000,1.219,19625.0,3062059
2016-03-19 09:10:02.267000,1.234,19386.0,3062059
2016-03-19 09:15:03.243000,1.406,17014.0,3062059
2016-03-19 09:20:04.271000,1.359,17603.0,3062059
2016-03-19 09:25:05.281000,1.234,19386.0,3062059
2016-03-19 09:30:06.316000,1.25,19138.0,3062059
2016-03-19 09:35:07.312000,1.235,19370.0,3062059
2016-03-19 09:40:08.318000,1.219,19625.0,3062059
2016-03-19 09:45:09.324000,1.36,17590.0,3062059
2016-03-19 09:50:10.309000,1.234,19386.0,3062059
2016-03-19 09:55:11.314000,1.234,19386.0,3062059
2016-03-19 10:00:12.328000,1.219,19625.0,3062059
2016-03-19 10:05:13.327000,1.234,19386.0,3062059
2016-03-19 10:10:14.356000,1.219,19625.0,3062059
2016-03-19 10:15:15.476000,1.235,19370.0,3062059
2016-03-19 10:20:16.380000,1.25,19138.0,3062059
2016-03-19 10:25:17.361000,1.234,19386.0,3062059
2016-03-19 10:30:18.382000,1.25,19138.0,3062059
2016-03-19 10:35:19.385000,1.234,19386.0,3062059
2016-03-19 10:40:20.428000,1.251,19123.0,3062059
2016-03-19 10:45:21.403000,1.235,19370.0,3062059
2016-03-19 10:50:22.394000,1.219,19625.0,3062059
2016-03-19 10:55:23.467000,1.234,19386.0,3062059
2016-03-19 11:00:24.458000,1.25,19138.0,3062059
2016-03-19 11:05:25.443000,1.219,19625.0,3062059
2016-03-19 11:10:26.468000,1.234,19386.0,3062059
2016-03-19 11:15:27.498000,1.266,18896.0,3062059
2016-03-19 11:20:28.462000,1.234,19386.0,3062059
2016-03-19 11:25:29.483000,1.234,19386.0,3062059
2016-03-19 11:30:30.456000,1.39,17210.0,3062059
2016-03-19 11:35:31.491000,1.406,17014.0,3062059
2016-03-19 11:40:32.478000,1.265,18911.0,3062059
2016-03-19 11:45:33.497000,2.203,10859.0,3062059
2016-03-19 11:50:34.507000,1.406,17014.0,3062059
2016-03-19 11:55:35.482000,1.234,19386.0,3062059
2016-03-19 12:00:36.519000,1.344,17799.0,3062059
2016-03-19 12:05:37.497000,2.156,11096.0,3062059
2016-03-19 12:10:38.591000,1.359,17603.0,3062059
2016-03-19 12:15:39.544000,1.25,19138.0,3062059
2016-03-19 12:20:40.573000,1.406,17014.0,3062059
2016-03-19 12:25:41.567000,1.39,17210.0,3062059
2016-03-19 12:30:42.782000,1.274,18777.0,3062059
2016-03-19 12:35:45.261000,1.366,17513.0,3062059
2016-03-19 12:40:44.828000,1.459,16396.0,3062059
2016-03-19 12:45:45.789000,1.25,19138.0,3062059
2016-03-19 12:50:47.109000,1.465,16329.0,3062059
2016-03-19 12:55:49.303000,1.287,18588.0,3062059
2016-03-19 13:00:48.850000,1.327,18027.0,3062059
2016-03-19 13:05:49.960000,1.352,17694.0,3062059
2016-03-19 13:10:51.577000,1.281,18675.0,3062059
2016-03-19 13:15:52.276000,1.296,18459.0,3062059
2016-03-19 13:20:56.038000,1.747,13693.0,3062059
2016-03-19 13:25:53.750000,1.382,17310.0,3062059
2016-03-19 13:30:54.734000,1.243,19246.0,3062059
2016-03-19 13:35:55.750000,1.269,18851.0,3062059
2016-03-19 13:40:59.631000,1.589,15055.0,3062059
2016-03-19 13:46:00.895000,1.655,14455.0,3062059
2016-03-19 13:51:01.480000,1.502,15927.0,3062059
2016-03-19 13:56:02.655000,1.505,15895.0,3062059
2016-03-19 14:01:03.040000,1.512,15822.0,3062059
2016-03-19 14:06:03.031000,1.677,14265.0,3062059
2016-03-19 14:11:02.751000,1.296,18459.0,3062059
2016-03-19 14:16:04.571000,1.278,18719.0,3062059
2016-03-19 14:21:04.662000,1.228,19481.0,3062059
2016-03-19 14:26:06.185000,1.24,19292.0,3062059
2016-03-19 14:31:07.030000,1.308,18289.0,3062059
2016-03-19 14:36:08.024000,1.24,19292.0,3062059
2016-03-19 14:41:08.736000,1.354,17668.0,3062059
2016-03-19 14:46:10.289000,1.274,18777.0,3062059
2016-03-19 14:51:10.640000,1.232,19417.0,3062059
2016-03-19 14:56:12.422000,1.255,19062.0,3062059
2016-03-19 15:01:12.855000,1.249,19153.0,3062059
2016-03-19 15:06:14.233000,1.325,18055.0,3062059
2016-03-19 15:11:14.895000,1.23,19449.0,3062059
2016-03-19 15:16:16.609000,1.251,19123.0,3062059
2016-03-19 15:21:16.687000,1.242,19261.0,3062059
2016-03-19 15:26:18.490000,1.252,19107.0,3062059
2016-03-19 15:31:18.638000,1.222,19576.0,3062059
2016-03-19 15:36:19.633000,1.228,19481.0,3062059
2016-03-19 15:41:20.636000,1.228,19481.0,3062059
2016-03-19 15:46:21.635000,1.236,19355.0,3062059
2016-03-19 15:51:22.668000,1.243,19246.0,3062059
2016-03-19 15:56:23.648000,1.284,18631.0,3062059
2016-03-19 16:01:25.667000,1.253,19092.0,3062059
2016-03-19 16:06:25.644000,1.225,19528.0,3062059
2016-03-19 16:11:26.636000,1.228,19481.0,3062059
2016-03-19 16:16:27.631000,1.223,19560.0,3062059
2016-03-19 16:21:29.154000,1.23,19449.0,3062059
2016-03-19 16:26:29.632000,1.237,19339.0,3062059
2016-03-19 16:31:30.667000,1.425,16788.0,3062059
2016-03-19 16:36:31.659000,1.239,19308.0,3062059
2016-03-19 16:41:32.674000,2.237,10694.0,3062059
2016-03-19 16:46:34.531000,1.419,16859.0,3062059
2016-03-19 16:51:37.368000,1.544,15494.0,3062059
2016-03-19 16:56:35.641000,1.227,19497.0,3062059
2016-03-19 17:01:36.666000,1.234,19386.0,3062059
2016-03-19 17:06:37.668000,1.244,19230.0,3062059
2016-03-19 17:11:38.651000,1.264,18926.0,3062059
2016-03-19 17:16:39.653000,1.229,19465.0,3062059
2016-03-19 17:21:40.650000,1.271,18822.0,3062059
2016-03-19 17:26:41.708000,1.23,19449.0,3062059
2016-03-19 17:31:42.648000,1.231,19433.0,3062059
2016-03-19 17:36:43.631000,1.224,19544.0,3062059
2016-03-19 17:41:44.645000,1.37,17462.0,3062059
2016-03-19 17:46:45.655000,1.233,19402.0,3062059
2016-03-19 17:51:46.669000,1.261,18971.0,3062059
2016-03-19 17:56:47.699000,1.247,19184.0,3062059
2016-03-19 18:01:48.663000,1.236,19355.0,3062059
2016-03-19 18:06:49.664000,1.257,19031.0,3062059
2016-03-19 18:11:50.652000,1.228,19481.0,3062059
2016-03-19 18:16:51.680000,1.252,19107.0,3062059
2016-03-19 18:21:52.629000,1.237,19339.0,3062059
2016-03-19 18:26:53.660000,1.228,19481.0,3062059
2016-03-19 18:31:54.702000,1.273,18792.0,3062059
2016-03-19 18:36:55.661000,1.235,19370.0,3062059
2016-03-19 18:41:56.642000,1.23,19449.0,3062059
2016-03-19 18:46:57.669000,1.23,19449.0,3062059
2016-03-19 18:51:58.670000,1.372,17436.0,3062059
2016-03-19 18:56:59.704000,1.27,18836.0,3062059
2016-03-19 19:02:00.704000,1.368,17487.0,3062059
2016-03-19 19:07:01.694000,1.401,17075.0,3062059
2016-03-19 19:12:02.674000,1.248,19169.0,3062059
2016-03-19 19:17:03.684000,1.237,19339.0,3062059
2016-03-19 19:22:04.668000,1.244,19230.0,3062059
2016-03-19 19:27:05.749000,1.25,19138.0,3062059
2016-03-19 19:32:06.697000,1.237,19339.0,3062059
2016-03-19 19:37:07.800000,1.256,19046.0,3062059
2016-03-19 19:42:08.724000,1.229,19465.0,3062059
2016-03-19 19:47:09.720000,1.227,19497.0,3062059
2016-03-19 19:52:10.701000,1.231,19433.0,3062059
2016-03-19 19:57:11.717000,1.262,18956.0,3062059
2016-03-19 20:02:12.726000,1.424,16799.0,3062059
2016-03-19 20:07:13.711000,1.233,19402.0,3062059
2016-03-19 20:12:14.775000,1.24,19292.0,3062059
2016-03-19 20:17:15.789000,1.229,19465.0,3062059
2016-03-19 20:22:16.729000,1.233,19402.0,3062059
2016-03-19 20:27:17.857000,1.247,19184.0,3062059
2016-03-19 20:32:18.835000,1.361,17577.0,3062059
2016-03-19 20:37:19.732000,1.238,19323.0,3062059
2016-03-19 20:42:20.727000,1.24,19292.0,3062059
2016-03-19 20:47:21.755000,1.228,19481.0,3062059
2016-03-19 20:52:22.709000,1.23,19449.0,3062059
2016-03-19 20:57:23.753000,1.224,19544.0,3062059
2016-03-19 21:02:24.968000,1.258,19016.0,3062059
2016-03-19 21:07:25.932000,1.267,18881.0,3062059
2016-03-19 21:12:26.962000,1.269,18851.0,3062059
2016-03-19 21:17:27.903000,1.381,17322.0,3062059
2016-03-19 21:22:29.001000,1.265,18911.0,3062059
2016-03-19 21:27:29.931000,1.239,19308.0,3062059
2016-03-19 21:32:30.915000,1.275,18763.0,3062059
2016-03-19 21:37:31.957000,1.255,19062.0,3062059
2016-03-19 21:42:32.914000,1.244,19230.0,3062059
2016-03-19 21:47:33.945000,1.279,18704.0,3062059
2016-03-19 21:52:35.012000,1.266,18896.0,3062059
2016-03-19 21:57:36.058000,1.259,19001.0,3062059
2016-03-19 22:02:37.028000,1.245,19215.0,3062059
2016-03-19 22:07:37.952000,1.266,18896.0,3062059
2016-03-19 22:12:38.956000,1.267,18881.0,3062059
2016-03-19 22:17:39.975000,1.25,19138.0,3062059
2016-03-19 22:22:40.954000,1.289,18559.0,3062059
2016-03-19 22:27:42.084000,1.264,18926.0,3062059
2016-03-19 22:32:45.368000,1.266,18896.0,3062059
2016-03-19 22:37:43.773000,1.219,19625.0,3062059
2016-03-19 22:42:44.764000,1.25,19138.0,3062059
2016-03-19 22:47:45.794000,1.234,19386.0,3062059
2016-03-19 22:52:46.787000,1.859,12868.0,3062059
2016-03-19 22:57:47.792000,1.234,19386.0,3062059
2016-03-19 23:02:48.784000,1.235,19370.0,3062059
2016-03-19 23:07:49.827000,1.454,16453.0,3062059
2016-03-19 23:12:50.808000,1.234,19386.0,3062059
2016-03-19 23:17:51.804000,1.266,18896.0,3062059
2016-03-19 23:22:52.800000,1.235,19370.0,3062059
2016-03-19 23:27:53.844000,1.328,18014.0,3062059
2016-03-19 23:32:54.845000,1.25,19138.0,3062059
2016-03-19 23:37:55.866000,1.219,19625.0,3062059
2016-03-19 23:42:56.864000,1.266,18896.0,3062059
2016-03-19 23:47:57.879000,1.984,12058.0,3062059
2016-03-19 23:52:58.891000,1.329,18000.0,3062059
2016-03-19 23:57:59.875000,1.735,13788.0,3062059
2016-03-20 00:03:00.882000,1.234,19386.0,3062059
2016-03-20 00:08:04.452000,1.547,15464.0,3062059
2016-03-20 00:13:02.898000,1.313,18220.0,3062059
2016-03-20 00:18:03.930000,1.234,19386.0,3062059
2016-03-20 00:23:04.902000,1.687,14180.0,3062059
2016-03-20 00:28:06.862000,1.25,19138.0,3062059
2016-03-20 00:33:07.117000,1.219,19625.0,3062059
2016-03-20 00:38:07.925000,1.237,19339.0,3062059
2016-03-20 00:43:08.940000,1.265,18911.0,3062059
2016-03-20 00:48:10.040000,1.234,19386.0,3062059
2016-03-20 00:53:10.977000,1.234,19386.0,3062059
2016-03-20 00:58:11.979000,1.25,19138.0,3062059
2016-03-20 01:03:13.010000,1.281,18675.0,3062059
2016-03-20 01:08:14.033000,1.219,19625.0,3062059
2016-03-20 01:13:15.005000,1.234,19386.0,3062059
2016-03-20 01:18:16.050000,1.251,19123.0,3062059
2016-03-20 01:23:17.105000,1.234,19386.0,3062059
2016-03-20 01:28:18.057000,1.25,19138.0,3062059
2016-03-20 01:33:19.060000,1.219,19625.0,3062059
2016-03-20 01:38:20.115000,1.234,19386.0,3062059
2016-03-20 01:43:22.077000,1.469,16285.0,3062059
2016-03-20 01:48:22.092000,1.219,19625.0,3062059
2016-03-20 01:53:23.104000,1.234,19386.0,3062059
2016-03-20 01:58:24.134000,1.235,19370.0,3062059
2016-03-20 02:03:26.561000,4.703,5087.0,3062059
2016-03-20 02:08:26.145000,1.234,19386.0,3062059
2016-03-20 02:13:27.504000,1.234,19386.0,3062059
2016-03-20 02:18:28.131000,1.235,19370.0,3062059
2016-03-20 02:23:29.499000,1.25,19138.0,3062059
2016-03-20 02:28:30.164000,1.25,19138.0,3062059
2016-03-20 02:33:31.625000,1.25,19138.0,3062059
2016-03-20 02:38:32.175000,1.218,19641.0,3062059
2016-03-20 02:43:33.201000,1.225,19528.0,3062059
2016-03-20 02:48:35.444000,1.25,19138.0,3062059
2016-03-20 02:53:35.222000,1.25,19138.0,3062059
2016-03-20 02:58:36.235000,1.219,19625.0,3062059
2016-03-20 03:03:37.207000,1.25,19138.0,3062059
2016-03-20 03:08:38.245000,1.219,19625.0,3062059
2016-03-20 03:13:41.655000,1.5,15948.0,3062059
2016-03-20 03:18:44.204000,1.234,19386.0,3062059
2016-03-20 03:23:41.606000,1.234,19386.0,3062059
2016-03-20 03:28:42.444000,1.218,19641.0,3062059
2016-03-20 03:33:44.714000,1.438,16636.0,3062059
2016-03-20 03:38:46.618000,1.235,19370.0,3062059
2016-03-20 03:43:45.730000,1.297,18444.0,3062059
2016-03-20 03:48:46.398000,1.25,19138.0,3062059
2016-03-20 03:53:47.282000,1.234,19386.0,3062059
2016-03-20 03:58:48.327000,1.219,19625.0,3062059
2016-03-20 04:03:49.339000,1.25,19138.0,3062059
2016-03-20 04:08:50.328000,1.234,19386.0,3062059
2016-03-20 04:13:51.412000,1.235,19370.0,3062059
2016-03-20 04:18:54.826000,1.5,15948.0,3062059
2016-03-20 04:23:55.914000,1.594,15008.0,3062059
2016-03-20 04:28:54.948000,1.25,19138.0,3062059
2016-03-20 04:33:55.453000,1.218,19641.0,3062059
2016-03-20 04:38:56.403000,1.235,19370.0,3062059
2016-03-20 04:43:57.381000,1.218,19641.0,3062059
2016-03-20 04:48:58.405000,1.234,19386.0,3062059
2016-03-20 04:53:59.391000,1.25,19138.0,3062059
2016-03-20 04:59:00.413000,1.235,19370.0,3062059
2016-03-20 05:05:23.638000,2.802,8538.0,3062059
2016-03-20 05:09:03.057000,1.234,19386.0,3062059
2016-03-20 05:14:03.477000,1.234,19386.0,3062059
2016-03-20 05:19:05.493000,1.421,16835.0,3062059
2016-03-20 05:24:05.452000,1.25,19138.0,3062059
2016-03-20 05:29:06.467000,1.219,19625.0,3062059
2016-03-20 05:34:07.466000,1.219,19625.0,3062059
2016-03-20 05:39:08.485000,1.234,19386.0,3062059
2016-03-20 05:44:09.504000,1.234,19386.0,3062059
2016-03-20 05:49:10.506000,1.219,19625.0,3062059
2016-03-20 05:54:11.504000,1.219,19625.0,3062059
2016-03-20 05:59:12.483000,1.25,19138.0,3062059
2016-03-20 06:04:13.549000,1.234,19386.0,3062059
2016-03-20 06:09:14.555000,1.235,19370.0,3062059
2016-03-20 06:14:15.498000,1.235,19370.0,3062059
2016-03-20 06:19:16.525000,1.234,19386.0,3062059
2016-03-20 06:24:17.569000,1.234,19386.0,3062059
2016-03-20 06:29:19.629000,1.25,19138.0,3062059
2016-03-20 06:34:19.570000,1.249,19153.0,3062059
2016-03-20 06:39:20.617000,1.203,19886.0,3062059
2016-03-20 06:44:21.608000,1.234,19386.0,3062059
2016-03-20 06:49:22.589000,1.218,19641.0,3062059
2016-03-20 06:54:23.617000,1.219,19625.0,3062059
2016-03-20 06:59:24.650000,1.641,14578.0,3062059
2016-03-20 07:04:25.608000,1.25,19138.0,3062059
2016-03-20 07:09:26.603000,1.234,19386.0,3062059
2016-03-20 07:14:27.692000,1.219,19625.0,3062059
2016-03-20 07:19:28.645000,1.266,18896.0,3062059
2016-03-20 07:24:29.619000,1.235,19370.0,3062059
2016-03-20 07:29:30.684000,1.219,19625.0,3062059
2016-03-20 07:34:31.662000,1.219,19625.0,3062059
2016-03-20 07:39:32.683000,1.219,19625.0,3062059
2016-03-20 07:44:33.640000,1.25,19138.0,3062059
2016-03-20 07:49:34.703000,1.219,19625.0,3062059
2016-03-20 07:54:35.658000,1.235,19370.0,3062059
2016-03-20 07:59:36.667000,1.265,18911.0,3062059
2016-03-20 08:04:37.710000,1.219,19625.0,3062059
2016-03-20 08:09:38.721000,1.25,19138.0,3062059
2016-03-20 08:14:39.692000,1.234,19386.0,3062059
2016-03-20 08:19:40.726000,1.25,19138.0,3062059
2016-03-20 08:24:41.713000,1.219,19625.0,3062059
2016-03-20 08:29:42.721000,1.234,19386.0,3062059
2016-03-20 08:34:43.732000,1.234,19386.0,3062059
2016-03-20 08:39:44.766000,1.215,19689.0,3062059
2016-03-20 08:44:45.736000,1.234,19386.0,3062059
2016-03-20 08:49:46.769000,1.219,19625.0,3062059
2016-03-20 08:54:47.808000,1.313,18220.0,3062059
2016-03-20 08:59:48.754000,1.218,19641.0,3062059
2016-03-20 09:04:49.784000,1.218,19641.0,3062059
2016-03-20 09:09:50.763000,1.235,19370.0,3062059
2016-03-20 09:14:51.781000,1.219,19625.0,3062059
2016-03-20 09:19:53.829000,1.25,19138.0,3062059
2016-03-20 09:24:53.794000,1.235,19370.0,3062059
2016-03-20 09:29:54.814000,1.266,18896.0,3062059
2016-03-20 09:34:55.861000,1.219,19625.0,3062059
2016-03-20 09:39:56.836000,1.219,19625.0,3062059
2016-03-20 09:44:57.863000,1.234,19386.0,3062059
2016-03-20 09:49:58.858000,1.234,19386.0,3062059
2016-03-20 09:54:59.852000,1.219,19625.0,3062059
2016-03-20 10:00:00.867000,1.218,19641.0,3062059
2016-03-20 10:05:01.893000,1.25,19138.0,3062059
2016-03-20 10:10:02.899000,1.25,19138.0,3062059
2016-03-20 10:15:03.880000,1.235,19370.0,3062059
2016-03-20 10:20:04.891000,1.359,17603.0,3062059
2016-03-20 10:25:06.997000,1.266,18896.0,3062059
2016-03-20 10:30:06.936000,1.234,19386.0,3062059
2016-03-20 10:35:07.938000,1.235,19370.0,3062059
2016-03-20 10:40:08.947000,1.25,19138.0,3062059
2016-03-20 10:45:09.922000,1.234,19386.0,3062059
2016-03-20 10:50:11.716000,1.218,19641.0,3062059
2016-03-20 10:55:11.971000,1.235,19370.0,3062059
2016-03-20 11:00:13.009000,1.265,18911.0,3062059
2016-03-20 11:05:13.982000,1.235,19370.0,3062059
2016-03-20 11:10:14.961000,1.235,19370.0,3062059
2016-03-20 11:15:16.085000,1.25,19138.0,3062059
2016-03-20 11:20:17,1.235,19370.0,3062059
2016-03-20 11:25:18.038000,1.25,19138.0,3062059
2016-03-20 11:30:20.048000,1.266,18896.0,3062059
2016-03-20 11:35:20.014000,1.218,19641.0,3062059
2016-03-20 11:40:21.054000,1.235,19370.0,3062059
2016-03-20 11:45:22.032000,1.25,19138.0,3062059
2016-03-20 11:50:23.073000,1.25,19138.0,3062059
2016-03-20 11:55:24.093000,1.219,19625.0,3062059
2016-03-20 12:00:25.072000,1.234,19386.0,3062059
2016-03-20 12:05:26.101000,1.235,19370.0,3062059
2016-03-20 12:10:27.087000,1.235,19370.0,3062059
2016-03-20 12:15:28.090000,1.281,18675.0,3062059
2016-03-20 12:20:29.125000,1.234,19386.0,3062059
2016-03-20 12:25:30.104000,1.234,19386.0,3062059
2016-03-20 12:30:31.112000,1.235,19370.0,3062059
2016-03-20 12:35:32.205000,1.25,19138.0,3062059
2016-03-20 12:40:33.138000,1.234,19386.0,3062059
2016-03-20 12:45:34.229000,1.235,19370.0,3062059
2016-03-20 12:50:35.207000,1.234,19386.0,3062059
2016-03-20 12:55:36.253000,1.36,17590.0,3062059
2016-03-20 13:00:38.401000,1.297,18444.0,3062059
2016-03-20 13:05:38.211000,1.234,19386.0,3062059
2016-03-20 13:10:39.217000,1.235,19370.0,3062059
2016-03-20 13:15:40.211000,1.25,19138.0,3062059
2016-03-20 13:20:41.232000,1.218,19641.0,3062059
2016-03-20 13:25:42.209000,1.236,19355.0,3062059
2016-03-20 13:30:43.245000,1.238,19323.0,3062059
